,ticker,company,sector,industry,market cap,analyst_recom,sentiment_score,rs_rating,returns_multiple,current_price,target_price,est_gl,performance_(week),performance_(month),performance_(quarter),performance_(half year),performance_(year),performance_(ytd),20_day_ma,50_day_ma,200_day_ma,52_week_low,52_week_high,my_score,in_russell_3k
0,AAP,"Advance Auto Parts, Inc.",Consumer Cyclical,Specialty Retail,14813.12,76.5,18.0,77,1.22,232.55,240.65,3.48,1.42%,5.92%,13.52%,21.13%,56.02%,49.63%,231.73,,200.0,142.59,243.05,57.166666666666664,True
1,AAWW,"Atlas Air Worldwide Holdings, Inc.",Industrials,Airports & Air Services,2546.43,81.5,27.0,78,1.24,88.59,105.57,19.17,4.49%,11.22%,16.91%,17.37%,59.69%,61.33%,84.44,,70.42,50.22,91.77,62.166666666666664,True
5,ACLS,"Axcelis Technologies, Inc.",Technology,Semiconductor Equipment & Materials,2127.55,86.5,19.0,93,1.84,63.02,68.5,8.7,3.25%,29.25%,50.50%,64.98%,140.57%,120.33%,57.29,,43.57,25.47,65.16,66.16666666666667,True
7,AFG,"American Financial Group, Inc.",Financial,Insurance - Property & Casualty,12294.01,74.0,20.0,76,1.21,140.95,157.33,11.62,2.20%,11.18%,12.75%,32.44%,98.45%,96.50%,140.2,,126.24,79.21,146.63,56.666666666666664,True
8,AGO,Assured Guaranty Ltd.,Financial,Insurance - Specialty,3769.76,89.0,37.0,82,1.31,53.82,61.0,13.34,-0.07%,2.38%,10.18%,16.33%,67.94%,72.15%,54.9,,47.3,29.73,56.95,69.33333333333333,True
10,AKR,Acadia Realty Trust,Real Estate,REIT - Retail,2014.05,74.0,46.0,76,1.2,22.26,24.29,9.12,-0.94%,-2.63%,8.54%,4.61%,56.84%,56.73%,22.36,,20.88,13.48,23.33,65.33333333333333,True
14,AMG,"Affiliated Managers Group, Inc.",Financial,Asset Management,7247.27,79.0,14.0,90,1.58,177.19,213.83,20.68,-2.84%,13.21%,11.27%,15.65%,103.12%,77.35%,177.7,,159.02,84.18,191.62,61.0,True
15,AMP,"Ameriprise Financial, Inc.",Financial,Asset Management,34266.57,84.0,26.0,79,1.26,302.41,333.78,10.37,1.14%,6.81%,16.92%,22.37%,65.98%,58.84%,303.89,,256.65,179.77,312.15,63.0,True
17,AMRK,"A-Mark Precious Metals, Inc.",Financial,Capital Markets,806.33,81.5,55.0,93,1.78,72.23,91.0,25.99,6.73%,7.42%,60.63%,46.72%,157.11%,196.53%,72.47,,48.55,25.08,80.93,76.5,True
18,AMSWA,"American Software, Inc.",Technology,Software - Application,1048.93,94.0,17.0,84,1.36,30.17,31.25,3.58,-4.31%,14.47%,42.41%,59.20%,86.60%,82.47%,30.1,,22.84,15.74,33.27,65.0,True
19,AMTB,Amerant Bancorp Inc.,Financial,Banks - Regional,1127.27,76.5,15.0,93,1.78,30.1,32.33,7.41,2.67%,14.39%,25.25%,33.74%,127.42%,99.74%,28.16,,22.19,12.43,30.6,61.5,True
20,AMTX,"Aemetis, Inc.",Energy,Oil & Gas Refining & Marketing,599.11,86.5,13.0,100,7.01,18.54,31.5,69.9,-4.59%,6.39%,107.74%,63.18%,778.18%,675.90%,20.13,,14.71,1.96,27.44,66.5,True
21,ANF,Abercrombie & Fitch Co.,Consumer Cyclical,Apparel Retail,2730.88,76.5,18.0,92,1.69,45.33,52.0,14.71,1.13%,18.60%,28.93%,14.97%,145.32%,128.93%,43.07,,37.92,18.69,48.97,62.166666666666664,True
22,APA,APA Corporation,Energy,Oil & Gas E&P,10745.54,71.5,14.0,94,1.86,27.66,32.73,18.33,-1.30%,9.99%,78.43%,42.27%,165.89%,108.74%,28.37,,20.91,10.89,31.14,59.833333333333336,True
23,AR,Antero Resources Corporation,Energy,Oil & Gas E&P,6369.76,74.0,15.0,99,3.6,19.24,26.44,37.42,-1.52%,1.06%,66.97%,54.95%,410.71%,267.34%,20.2,,13.62,3.71,21.99,62.666666666666664,True
24,ARCB,ArcBest Corporation,Industrials,Trucking,2892.05,84.0,24.0,96,2.25,113.51,127.56,12.38,1.92%,32.98%,70.61%,46.18%,197.99%,167.05%,102.62,,72.29,37.06,116.79,68.0,True
27,ASIX,AdvanSix Inc.,Basic Materials,Chemicals,1378.24,94.0,19.0,96,2.21,49.44,58.0,17.31,-0.22%,10.59%,42.46%,66.96%,182.34%,148.72%,47.95,,33.67,16.54,50.95,69.66666666666667,True
29,ASO,"Academy Sports and Outdoors, Inc.",Consumer Cyclical,Specialty Retail,4446.75,86.5,20.0,97,2.41,48.06,54.3,12.98,1.31%,16.40%,34.46%,40.20%,192.09%,131.50%,45.29,,36.05,14.94,49.23,67.83333333333333,True
30,ATEN,"A10 Networks, Inc.",Technology,Software - Infrastructure,1260.17,89.0,15.0,91,1.65,16.36,19.67,20.23,-0.30%,22.24%,25.78%,76.18%,114.43%,67.24%,15.61,,11.61,7.46,19.05,65.0,True
31,ATKR,Atkore Inc.,Industrials,Specialty Industrial Machinery,4881.72,76.5,15.0,96,2.3,103.0,105.75,2.67,1.23%,16.01%,19.01%,39.58%,268.87%,157.70%,99.1,,79.99,33.2,108.98,62.5,True
34,AVID,"Avid Technology, Inc.",Communication Services,Electronic Gaming & Multimedia,1588.7,71.5,38.0,95,2.13,34.07,42.5,24.74,27.16%,18.87%,28.38%,19.03%,201.30%,118.34%,30.37,,28.09,11.58,40.48,68.16666666666667,True
35,AVNT,Avient Corporation,Basic Materials,Specialty Chemicals,5565.35,91.5,15.0,82,1.31,60.92,62.64,2.82,3.40%,19.41%,23.22%,18.13%,67.80%,51.22%,56.82,,49.38,34.71,61.14,62.833333333333336,True
36,AX,"Axos Financial, Inc.",Financial,Banks - Regional,3574.84,91.5,20.0,84,1.35,59.32,61.38,3.47,-0.99%,12.36%,24.45%,31.13%,75.04%,59.37%,56.64,,48.57,32.48,61.28,65.16666666666667,True
39,BAC,Bank of America Corporation,Financial,Banks - Diversified,390070.53,71.5,14.0,82,1.32,46.51,47.58,2.3,0.43%,1.73%,15.42%,12.18%,70.70%,55.33%,47.37,,40.7,26.63,48.69,55.833333333333336,True
40,BANC,"Banc of California, Inc.",Financial,Banks - Regional,1392.13,81.5,13.0,77,1.23,21.71,24.0,10.55,1.54%,16.38%,23.78%,24.56%,58.04%,48.27%,21.05,,18.45,12.94,21.89,57.166666666666664,True
42,BDC,Belden Inc.,Industrials,Electrical Equipment & Parts,3043.73,79.0,15.0,85,1.39,67.54,74.67,10.56,3.07%,13.94%,25.78%,31.76%,82.41%,62.08%,63.83,,51.99,36.23,68.87,59.666666666666664,True
45,BLDR,"Builders FirstSource, Inc.",Industrials,Building Products & Equipment,13108.62,94.0,14.0,87,1.44,69.25,82.07,18.51,1.95%,19.34%,40.19%,54.64%,92.41%,69.08%,63.08,,48.98,34.42,69.59,65.0,True
46,BLFS,"BioLife Solutions, Inc.",Healthcare,Medical Instruments & Supplies,2222.25,79.0,26.0,75,1.19,51.71,63.43,22.66,-2.47%,25.43%,17.97%,65.89%,67.44%,30.83%,50.79,,42.0,28.15,60.67,60.0,True
48,BPOP,"Popular, Inc.",Financial,Banks - Regional,6739.58,89.0,52.0,81,1.29,84.19,102.0,21.15,2.13%,6.26%,13.62%,4.14%,62.57%,50.39%,83.09,,75.1,48.42,85.59,74.0,True
50,BSIG,BrightSphere Investment Group Inc.,Financial,Asset Management,2423.53,76.5,18.0,79,1.27,30.4,31.75,4.44,0.63%,15.01%,16.63%,35.20%,68.04%,58.20%,29.4,,24.0,17.45,30.88,57.833333333333336,True
51,BVH,Bluegreen Vacations Holding Corporation,Consumer Cyclical,Resorts & Casinos,683.11,81.5,18.0,95,2.09,31.77,50.0,57.38,4.60%,32.27%,53.29%,57.96%,181.24%,133.85%,27.88,,20.68,11.25,32.67,64.83333333333333,True
52,BWB,"Bridgewater Bancshares, Inc.",Financial,Banks - Regional,544.54,81.5,19.0,77,1.22,18.35,21.0,14.44,1.49%,6.61%,21.04%,9.49%,59.60%,52.44%,18.45,,16.61,11.24,20.05,59.166666666666664,True
54,BX,Blackstone Inc.,Financial,Asset Management,170772.35,79.0,18.0,94,1.89,145.08,147.5,1.67,-1.48%,16.48%,29.43%,64.71%,152.62%,122.53%,141.18,,101.44,56.97,146.8,63.666666666666664,True
55,BXC,BlueLinx Holdings Inc.,Industrials,Building Products & Equipment,719.24,74.0,15.0,96,2.21,75.27,96.33,27.98,6.65%,43.23%,35.93%,41.71%,204.53%,154.99%,60.5,,49.04,24.01,75.71,61.666666666666664,True
58,CARE,"Carter Bankshares, Inc.",Financial,Banks - Regional,417.97,81.5,41.0,86,1.42,15.5,18.75,20.97,-3.05%,5.98%,33.82%,8.11%,91.05%,45.43%,15.55,,13.41,8.09,16.4,69.5,True
59,CARG,"CarGurus, Inc.",Communication Services,Internet Content & Information,4614.78,79.0,20.0,82,1.32,38.45,42.75,11.18,8.17%,11.99%,41.81%,40.27%,76.44%,22.72%,35.81,,28.77,22.05,39.76,60.333333333333336,True
60,CASH,"Meta Financial Group, Inc.",Financial,Banks - Regional,2035.07,89.0,17.0,86,1.41,63.49,68.5,7.89,1.23%,5.32%,33.63%,29.13%,87.30%,77.16%,61.44,,50.53,32.76,65.96,64.0,True
61,CBNK,"Capital Bancorp, Inc.",Financial,Banks - Regional,371.81,89.0,20.0,91,1.68,27.05,30.25,11.83,0.00%,10.88%,12.87%,27.41%,116.63%,94.54%,26.44,,21.65,11.6,28.16,66.66666666666667,True
62,CBRE,"CBRE Group, Inc.",Real Estate,Real Estate Services,34761.35,79.0,17.0,82,1.31,100.55,123.33,22.66,-2.10%,1.71%,13.01%,22.26%,73.21%,65.48%,104.26,,88.66,56.56,107.88,59.333333333333336,True
63,CBZ,"CBIZ, Inc.",Industrials,Specialty Business Services,2047.16,99.0,16.0,77,1.22,39.13,44.5,13.72,0.00%,12.25%,22.03%,16.70%,54.98%,48.40%,38.11,,33.2,23.92,40.62,64.0,True
67,CDXS,"Codexis, Inc.",Healthcare,Biotechnology,2501.33,91.5,14.0,92,1.73,37.17,39.38,5.95,-4.63%,37.71%,64.46%,101.95%,141.45%,75.31%,35.38,,24.43,15.96,42.01,65.83333333333333,True
69,CLAR,Clarus Corporation,Consumer Cyclical,Leisure,1052.97,89.0,15.0,88,1.51,28.91,35.5,22.79,-1.28%,-1.24%,7.24%,34.04%,90.09%,85.65%,28.66,,23.75,14.08,32.36,64.0,True
70,CLFD,"Clearfield, Inc.",Technology,Communication Equipment,868.89,81.5,24.0,96,2.28,67.69,71.0,4.89,3.12%,26.20%,60.19%,77.90%,180.03%,168.93%,60.45,,40.65,21.62,72.0,67.16666666666667,True
73,CNOB,"ConnectOne Bancorp, Inc.",Financial,Banks - Regional,1387.62,91.5,14.0,88,1.49,34.32,38.4,11.89,0.46%,7.78%,20.55%,26.17%,95.41%,76.35%,34.0,,27.81,16.96,35.48,64.5,True
75,CNXC,Concentrix Corporation,Technology,Information Technology Services,9759.27,106.5,13.0,93,1.8,188.35,208.67,10.79,3.34%,2.01%,14.84%,26.51%,,89.86%,181.77,,156.91,80.0,188.78,70.83333333333333,True
77,COP,ConocoPhillips,Energy,Oil & Gas E&P,95517.24,86.5,13.0,85,1.39,71.97,86.78,20.58,-4.11%,-2.50%,35.70%,30.69%,90.76%,81.65%,74.18,,58.83,38.38,77.98,61.5,True
78,CPRI,Capri Holdings Limited,Consumer Cyclical,Apparel Manufacturing,9968.93,76.5,18.0,87,1.46,63.53,79.33,24.87,1.49%,25.01%,18.08%,18.70%,116.89%,55.64%,59.63,,53.69,31.67,69.26,60.5,True
80,CPT,Camden Property Trust,Real Estate,REIT - Residential,16941.76,74.0,36.0,81,1.3,166.5,168.8,1.38,1.29%,3.86%,12.86%,35.54%,62.21%,65.19%,162.46,,133.7,94.59,167.95,63.666666666666664,True
81,CR,Crane Co.,Industrials,Specialty Industrial Machinery,6263.58,81.5,18.0,77,1.23,104.87,126.0,20.15,-0.71%,13.86%,9.77%,14.19%,63.35%,37.73%,103.45,,94.47,64.0,108.67,58.833333333333336,True
82,CRAI,"CRA International, Inc.",Industrials,Consulting Services,701.55,81.5,18.0,93,1.78,101.62,125.0,23.01,5.61%,-8.76%,9.96%,23.83%,123.50%,95.11%,103.53,,84.59,43.0,116.71,64.16666666666667,True
83,CROX,"Crocs, Inc.",Consumer Cyclical,Footwear & Accessories,10361.44,79.0,20.0,96,2.31,176.16,193.88,10.06,1.09%,26.06%,28.71%,82.70%,214.15%,187.98%,168.21,,116.62,57.18,183.88,65.0,True
84,CRWD,"CrowdStrike Holdings, Inc.",Technology,Software - Infrastructure,59190.76,89.0,14.0,86,1.43,269.78,310.38,15.05,-10.46%,-8.00%,12.29%,32.11%,99.51%,23.93%,277.35,,236.83,138.01,298.48,63.0,True
85,CSL,Carlisle Companies Incorporated,Industrials,Building Products & Equipment,12320.64,84.0,16.0,78,1.24,240.01,255.29,6.37,1.60%,10.18%,16.54%,25.40%,65.87%,53.06%,231.42,,190.89,143.0,243.99,59.333333333333336,True
86,CSV,"Carriage Services, Inc.",Consumer Cyclical,Personal Services,850.9,94.0,14.0,85,1.38,51.86,63.75,22.93,4.20%,14.55%,30.66%,37.74%,76.49%,64.66%,48.5,,39.57,27.15,52.44,64.33333333333333,True
88,CUBE,CubeSmart,Real Estate,REIT - Industrial,10799.43,71.5,17.0,77,1.23,53.72,57.33,6.72,-1.42%,1.37%,4.88%,25.99%,57.24%,58.64%,54.19,,45.89,31.44,56.64,55.166666666666664,True
89,CUBI,"Customers Bancorp, Inc.",Financial,Banks - Regional,1878.9,79.0,22.0,97,2.5,56.81,65.75,15.74,-3.54%,24.31%,52.95%,62.08%,264.47%,218.10%,54.89,,38.04,16.65,61.48,66.0,True
90,CURO,CURO Group Holdings Corp.,Financial,Credit Services,685.03,91.5,14.0,90,1.6,19.06,24.0,25.92,-0.23%,-6.77%,8.36%,14.36%,92.46%,21.14%,17.63,,16.17,7.67,20.81,65.16666666666667,True
94,DCOM,"Dime Community Bancshares, Inc.",Financial,Banks - Regional,1528.85,86.5,26.0,81,1.3,36.69,40.6,10.66,-1.64%,7.87%,13.62%,7.93%,72.67%,54.18%,36.57,,32.86,20.67,38.35,64.5,True
95,DECK,Deckers Outdoor Corporation,Consumer Cyclical,Footwear & Accessories,11656.35,94.0,15.0,83,1.34,436.85,476.33,9.04,0.83%,16.63%,0.13%,32.66%,71.58%,49.49%,406.41,,367.32,241.24,451.49,64.0,True
96,DELL,Dell Technologies Inc.,Technology,Computer Hardware,43529.16,79.0,14.0,77,1.23,56.0,84.16,50.29,1.11%,3.02%,15.44%,15.63%,66.19%,52.72%,56.08,,49.45,33.81,58.29,56.666666666666664,True
99,DIOD,Diodes Incorporated,Technology,Semiconductors,5002.72,79.0,16.0,81,1.3,107.61,117.67,9.35,1.14%,24.32%,25.82%,51.51%,69.15%,55.96%,101.99,,84.23,61.74,111.35,58.666666666666664,True
100,DKS,"DICK'S Sporting Goods, Inc.",Consumer Cyclical,Specialty Retail,12152.54,76.5,23.0,93,1.84,135.02,152.33,12.82,2.16%,11.57%,36.18%,67.48%,172.21%,156.09%,128.61,,101.27,51.51,147.39,64.16666666666667,True
103,DOMO,"Domo, Inc.",Technology,Software - Application,2742.29,86.5,21.0,94,1.88,88.09,106.25,20.62,-0.77%,-3.15%,2.97%,54.79%,159.71%,38.18%,88.43,,75.41,34.79,98.35,67.16666666666667,True
105,DVN,Devon Energy Corporation,Energy,Oil & Gas E&P,29498.52,86.5,24.0,97,2.38,42.29,47.69,12.77,-1.27%,7.18%,68.39%,75.49%,256.82%,182.80%,41.95,,28.46,12.66,44.79,69.16666666666667,True
110,ECPG,"Encore Capital Group, Inc.",Financial,Mortgage Finance,1744.33,76.5,19.0,85,1.38,59.05,66.75,13.04,0.12%,14.37%,24.95%,34.83%,88.86%,51.86%,56.13,,45.28,29.21,60.75,60.166666666666664,True
114,ENVA,"Enova International, Inc.",Financial,Credit Services,1435.88,81.5,20.0,87,1.45,40.97,44.5,8.62,1.87%,13.48%,30.65%,13.98%,94.95%,65.20%,37.24,,34.2,20.7,43.47,62.833333333333336,True
115,EPAM,"EPAM Systems, Inc.",Technology,Information Technology Services,37878.52,81.5,18.0,89,1.52,665.73,780.53,17.24,-6.42%,6.04%,7.88%,48.70%,107.86%,87.25%,673.72,,518.32,311.82,725.4,62.833333333333336,True
116,EQBK,"Equity Bancshares, Inc.",Financial,Banks - Regional,601.4,76.5,14.0,81,1.29,35.72,36.75,2.88,5.28%,1.39%,9.92%,11.99%,69.05%,65.22%,33.99,,30.66,19.91,36.0,57.166666666666664,True
119,ERII,"Energy Recovery, Inc.",Industrials,Pollution & Treatment Controls,1250.22,81.5,35.0,91,1.66,22.76,26.5,16.43,-3.05%,10.87%,18.06%,23.09%,113.54%,62.98%,21.22,,19.49,10.28,23.69,69.16666666666667,True
120,ESI,Element Solutions Inc,Basic Materials,Specialty Chemicals,6147.84,79.0,23.0,87,1.46,24.94,28.17,12.95,0.60%,11.44%,10.71%,14.88%,96.36%,42.87%,24.25,,21.86,12.67,26.92,63.0,True
121,ESTC,Elastic N.V.,Technology,Software - Application,16445.98,86.5,17.0,81,1.29,182.21,187.47,2.89,1.67%,9.87%,22.16%,72.75%,83.75%,27.82%,174.46,,143.4,97.89,189.84,61.5,True
122,ESTE,"Earthstone Energy, Inc.",Energy,Oil & Gas E&P,1015.52,79.0,31.0,96,2.32,10.64,17.16,61.28,-9.36%,5.79%,47.75%,21.35%,249.22%,109.01%,10.92,,9.07,3.33,13.15,68.66666666666667,True
125,EVC,Entravision Communications Corporation,Communication Services,Broadcasting,720.03,94.0,14.0,96,2.29,8.19,12.5,52.63,-3.82%,7.37%,23.33%,96.68%,200.72%,201.82%,8.32,,5.65,2.5,9.34,68.0,True
126,EVR,Evercore Inc.,Financial,Capital Markets,6806.36,84.0,19.0,82,1.32,152.71,172.12,12.71,1.76%,-1.50%,15.23%,6.14%,73.63%,40.45%,154.44,,138.0,87.16,164.63,61.666666666666664,True
127,EWBC,"East West Bancorp, Inc.",Financial,Banks - Diversified,11922.26,86.5,15.0,87,1.46,82.86,99.18,19.7,0.06%,-0.71%,15.23%,9.11%,86.34%,64.58%,82.86,,74.81,42.42,87.77,62.833333333333336,True
128,EXP,Eagle Materials Inc.,Basic Materials,Building Materials,6432.82,86.5,13.0,82,1.32,160.33,175.13,9.23,0.04%,12.24%,7.37%,16.51%,80.63%,60.08%,153.12,,140.85,90.85,165.69,60.5,True
129,EXTR,"Extreme Networks, Inc.",Technology,Communication Equipment,1621.43,76.5,16.0,92,1.74,13.01,15.3,17.6,13.27%,27.62%,24.18%,18.69%,143.21%,87.08%,11.01,,10.33,5.54,13.15,61.5,True
130,FANG,"Diamondback Energy, Inc.",Energy,Oil & Gas E&P,19747.56,86.5,28.0,95,2.08,107.24,128.29,19.63,-2.49%,0.84%,57.83%,41.40%,206.65%,127.64%,110.54,,84.64,36.46,117.71,69.83333333333333,True
131,FC,Franklin Covey Co.,Industrials,Consulting Services,689.5,81.5,21.0,91,1.68,48.56,54.0,11.2,7.27%,18.17%,33.63%,61.07%,109.16%,120.52%,44.8,,34.71,21.21,50.92,64.5,True
132,FCBC,"First Community Bankshares, Inc.",Financial,Banks - Regional,590.65,81.5,15.0,75,1.19,34.28,37.0,7.93,0.12%,6.21%,10.62%,11.20%,49.91%,59.22%,33.5,,30.1,20.86,35.02,57.166666666666664,True
134,FFWM,First Foundation Inc.,Financial,Banks - Regional,1306.61,86.5,21.0,76,1.2,28.19,32.6,15.64,-0.49%,8.60%,20.02%,15.42%,56.70%,43.30%,27.77,,24.36,17.52,29.41,61.166666666666664,True
135,FISI,"Financial Institutions, Inc.",Financial,Banks - Regional,516.62,81.5,19.0,77,1.22,32.3,36.75,13.78,-2.29%,3.71%,3.09%,1.44%,56.10%,43.96%,32.53,,30.54,19.51,33.65,59.166666666666664,True
136,FITB,Fifth Third Bancorp,Financial,Banks - Regional,30715.28,81.5,17.0,81,1.3,44.2,48.58,9.91,1.68%,1.77%,19.51%,7.53%,70.78%,62.60%,44.37,,39.35,25.0,45.92,59.833333333333336,True
137,FND,"Floor & Decor Holdings, Inc.",Consumer Cyclical,Home Improvement Retail,14264.71,89.0,22.0,82,1.31,135.55,150.73,11.2,2.54%,10.00%,19.47%,40.46%,82.05%,48.42%,135.24,,111.71,76.65,145.89,64.33333333333333,True
138,FOCS,Focus Financial Partners Inc.,Financial,Capital Markets,4939.48,89.0,32.0,82,1.32,67.43,74.62,10.66,0.73%,14.27%,37.97%,43.99%,76.25%,55.38%,64.95,,51.46,36.77,68.94,67.66666666666667,True
140,FRG,"Franchise Group, Inc.",Consumer Cyclical,Personal Services,1863.42,84.0,26.0,82,1.32,45.06,50.0,10.96,2.40%,22.61%,38.91%,29.50%,73.08%,51.36%,41.48,,36.68,25.28,46.1,64.0,True
141,FTNT,"Fortinet, Inc.",Technology,Software - Infrastructure,54892.38,76.5,19.0,96,2.23,341.35,367.7,7.72,-2.31%,4.37%,16.50%,64.26%,192.16%,129.59%,335.03,,248.75,115.17,355.35,63.833333333333336,True
145,GDEN,"Golden Entertainment, Inc.",Consumer Cyclical,Resorts & Casinos,1500.95,89.0,30.0,97,2.38,51.41,65.8,27.99,1.20%,2.12%,15.99%,30.63%,224.03%,159.68%,51.16,,40.28,15.84,54.86,72.0,True
150,GLOB,Globant S.A.,Technology,Software - Application,13396.85,86.5,14.0,80,1.28,314.87,337.3,7.12,-11.27%,1.90%,9.77%,44.66%,69.69%,44.52%,323.17,,251.2,173.34,354.62,60.166666666666664,True
151,GMS,GMS Inc.,Industrials,Building Products & Equipment,2550.18,79.0,17.0,86,1.43,58.63,60.67,3.48,-1.06%,26.01%,22.83%,31.13%,73.85%,92.78%,53.63,,45.23,26.77,60.36,60.666666666666664,True
152,GT,The Goodyear Tire & Rubber Company,Consumer Cyclical,Auto Parts,6475.88,76.5,16.0,90,1.61,22.74,23.57,3.65,-1.41%,21.50%,50.95%,21.82%,120.94%,111.82%,21.58,,17.67,9.95,24.89,60.833333333333336,True
153,GTYH,GTY Technology Holdings Inc.,Technology,Software - Application,439.25,81.5,22.0,90,1.59,7.54,9.67,28.25,-1.68%,-0.78%,12.57%,17.26%,132.01%,46.91%,7.55,,6.92,3.27,8.28,64.5,True
154,HCCI,"Heritage-Crystal Clean, Inc",Industrials,Waste Management,848.59,96.5,47.0,77,1.23,34.13,38.4,12.51,-1.12%,9.05%,21.93%,12.09%,56.12%,64.12%,34.48,,29.23,18.86,36.29,73.5,True
156,HLIT,Harmonic Inc.,Technology,Communication Equipment,1125.08,76.5,40.0,79,1.26,10.83,12.5,15.42,3.29%,21.15%,14.82%,61.05%,72.68%,48.85%,10.07,,8.46,6.29,11.2,65.16666666666667,True
157,HUBG,"Hub Group, Inc.",Industrials,Integrated Freight & Logistics,2949.28,79.0,21.0,76,1.2,86.07,87.93,2.16,5.01%,18.49%,30.89%,23.87%,58.20%,52.32%,81.48,,68.08,52.35,86.99,58.666666666666664,True
159,IGT,International Game Technology PLC,Consumer Cyclical,Gambling,6200.8,81.5,20.0,93,1.78,29.44,37.15,26.19,-6.63%,3.61%,60.38%,30.67%,164.67%,77.80%,30.47,,21.88,11.87,32.95,64.83333333333333,True
161,IIPR,"Innovative Industrial Properties, Inc.",Real Estate,REIT - Industrial,6739.54,84.0,31.0,85,1.4,280.26,287.0,2.4,1.06%,17.83%,22.58%,67.66%,84.88%,54.96%,270.21,,211.18,146.81,288.02,66.66666666666667,True
162,INBK,First Internet Bancorp,Financial,Banks - Regional,446.31,86.5,18.0,81,1.3,44.42,52.8,18.87,3.39%,39.03%,50.12%,28.69%,67.14%,55.92%,40.3,,33.45,24.45,45.92,61.833333333333336,True
163,INBX,"Inhibrx, Inc.",Healthcare,Biotechnology,1678.51,89.0,13.0,85,1.4,43.28,54.2,25.23,0.14%,10.35%,50.17%,168.25%,135.48%,33.27%,42.37,,28.01,14.27,50.97,62.333333333333336,True
169,INVE,"Identiv, Inc.",Technology,Computer Hardware,525.11,81.5,14.0,98,2.72,23.38,28.75,22.97,-4.31%,32.02%,52.24%,57.49%,250.29%,179.41%,21.56,,15.9,6.41,25.25,64.5,True
170,IQV,IQVIA Holdings Inc.,Healthcare,Diagnostics & Research,50840.63,89.0,16.0,75,1.19,264.45,288.22,8.99,6.25%,7.68%,4.92%,14.97%,53.99%,49.32%,255.84,,233.09,165.52,269.0,60.0,True
172,ISBC,"Investors Bancorp, Inc.",Financial,Banks - Regional,3963.77,81.5,26.0,79,1.27,15.92,16.93,6.34,3.81%,2.82%,16.72%,7.79%,65.74%,52.08%,15.68,,14.46,9.35,16.2,62.166666666666664,True
174,JBL,Jabil Inc.,Technology,Electronic Components,9449.82,86.5,26.0,81,1.3,64.14,73.0,13.81,1.56%,3.93%,8.56%,19.18%,65.69%,51.82%,62.9,,56.03,37.17,65.79,64.5,True
175,JCI,Johnson Controls International plc,Industrials,Engineering & Construction,55291.31,79.0,22.0,83,1.33,79.59,83.39,4.77,4.29%,10.53%,10.01%,25.99%,75.68%,71.05%,75.05,,67.04,44.91,80.04,61.333333333333336,True
176,JEF,Jefferies Financial Group Inc.,Financial,Financial Conglomerates,10170.42,89.0,21.0,82,1.32,40.54,50.33,24.15,-2.96%,-1.48%,19.43%,31.51%,75.78%,68.13%,42.83,,34.27,22.7,44.47,64.0,True
178,KBR,"KBR, Inc.",Industrials,Engineering & Construction,6357.47,81.5,21.0,81,1.3,45.68,50.67,10.92,2.22%,7.02%,18.30%,12.80%,69.91%,47.33%,43.58,,38.54,26.45,46.16,61.166666666666664,True
181,KFRC,Kforce Inc.,Industrials,Staffing & Employment Services,1680.08,81.5,20.0,87,1.46,77.64,79.33,2.18,3.91%,22.58%,35.70%,32.63%,91.25%,87.93%,71.27,,59.55,39.5,80.12,62.833333333333336,True
182,KFY,Korn Ferry,Industrials,Staffing & Employment Services,4477.42,96.5,15.0,90,1.59,80.36,97.75,21.64,0.21%,7.33%,21.64%,25.63%,106.89%,87.72%,78.96,,68.18,37.86,84.68,67.16666666666667,True
183,KIM,Kimco Realty Corporation,Real Estate,REIT - Retail,14689.77,74.0,19.0,77,1.22,23.83,25.07,5.2,1.38%,2.79%,11.60%,15.03%,54.76%,57.03%,23.35,,20.87,14.03,24.95,56.666666666666664,True
184,KKR,KKR & Co. Inc.,Financial,Asset Management,66669.83,86.5,16.0,89,1.56,78.5,89.25,13.69,-1.90%,16.40%,23.66%,42.59%,107.05%,92.99%,78.12,,59.16,37.49,83.9,63.833333333333336,True
185,KOS,Kosmos Energy Ltd.,Energy,Oil & Gas E&P,1735.98,81.5,31.0,93,1.76,3.54,6.03,70.34,-2.93%,-10.76%,86.22%,22.90%,150.00%,55.32%,3.71,,2.97,1.46,4.24,68.5,True
186,LEGH,Legacy Housing Corporation,Consumer Cyclical,Residential Construction,612.67,81.5,16.0,80,1.28,25.04,30.5,21.81,6.90%,49.13%,42.83%,34.82%,77.56%,70.15%,20.89,,18.08,13.95,27.93,59.166666666666664,True
190,LGND,Ligand Pharmaceuticals Incorporated,Healthcare,Biotechnology,2711.08,81.5,15.0,89,1.52,162.0,211.71,30.69,6.31%,25.59%,53.34%,34.57%,96.91%,62.36%,152.02,,137.04,79.52,219.75,61.833333333333336,True
191,LKQ,LKQ Corporation,Consumer Cyclical,Auto Parts,16974.51,94.0,17.0,81,1.29,59.63,65.89,10.5,2.98%,6.28%,16.72%,18.69%,60.46%,67.57%,56.95,,48.65,34.11,59.67,64.0,True
192,LNG,"Cheniere Energy, Inc.",Energy,Oil & Gas Midstream,26918.03,91.5,23.0,87,1.45,104.89,121.12,15.47,-0.64%,-4.73%,23.71%,27.10%,100.83%,76.98%,105.64,,85.21,52.99,113.4,67.16666666666667,True
193,LOVE,The Lovesac Company,Consumer Cyclical,"Furnishings, Fixtures & Appliances",1287.56,96.5,18.0,95,2.2,83.85,101.43,20.97,2.83%,18.26%,43.46%,10.84%,230.23%,97.49%,80.48,,67.77,27.69,95.51,69.83333333333333,True
195,LPLA,LPL Financial Holdings Inc.,Financial,Capital Markets,13413.61,89.0,31.0,85,1.4,166.58,202.6,21.62,2.38%,-2.66%,18.53%,14.70%,83.86%,61.08%,169.11,,146.81,89.65,176.96,68.33333333333333,True
196,LPX,Louisiana-Pacific Corporation,Industrials,Building Products & Equipment,5736.57,71.5,27.0,88,1.47,66.94,76.12,13.71,2.76%,0.81%,16.60%,2.45%,106.64%,80.06%,64.58,,59.45,33.36,76.35,62.166666666666664,True
197,LQDT,"Liquidity Services, Inc.",Consumer Cyclical,Internet Retail,861.95,106.5,14.0,96,2.22,26.54,32.5,22.46,8.96%,23.80%,13.90%,0.66%,186.50%,62.79%,22.96,,21.44,8.8,30.0,72.16666666666667,True
201,MANH,"Manhattan Associates, Inc.",Technology,Software - Application,10970.49,76.5,13.0,84,1.37,169.45,195.0,15.08,-1.57%,4.37%,13.44%,34.09%,86.36%,65.61%,176.34,,144.92,91.05,188.52,57.833333333333336,True
202,MBIN,Merchants Bancorp,Financial,Banks - Regional,1353.67,89.0,20.0,81,1.3,46.09,52.33,13.54,-1.63%,12.11%,31.76%,8.20%,69.47%,68.19%,45.55,,39.73,25.59,48.87,63.333333333333336,True
203,MCB,Metropolitan Bank Holding Corp.,Financial,Banks - Regional,1073.93,81.5,16.0,97,2.42,101.36,120.0,18.39,0.36%,16.14%,35.63%,62.89%,188.16%,183.07%,96.95,,68.03,30.47,104.92,64.83333333333333,True
207,MGY,Magnolia Oil & Gas Corporation,Energy,Oil & Gas E&P,4663.38,76.5,13.0,97,2.51,19.65,22.61,15.06,-3.15%,-1.93%,51.91%,70.96%,247.18%,187.68%,20.77,,14.56,5.7,22.09,62.166666666666664,True
208,MLI,"Mueller Industries, Inc.",Industrials,Metal Fabrication,3540.03,81.5,18.0,85,1.4,59.84,100.0,67.11,3.77%,37.77%,35.22%,30.74%,79.18%,70.81%,55.49,,44.41,32.01,63.07,61.5,True
210,MPWR,"Monolithic Power Systems, Inc.",Technology,Semiconductors,26206.63,86.5,14.0,85,1.38,563.55,603.29,7.05,4.07%,17.47%,25.78%,80.10%,88.23%,57.27%,540.93,,413.16,300.45,576.7,61.833333333333336,True
212,MRO,Marathon Oil Corporation,Energy,Oil & Gas E&P,13056.15,74.0,19.0,95,2.16,16.09,19.5,21.19,-3.13%,1.77%,50.09%,44.01%,205.11%,150.67%,16.67,,12.52,5.37,17.59,62.666666666666664,True
214,MTDR,Matador Resources Company,Energy,Oil & Gas E&P,5277.38,79.0,16.0,99,3.37,41.6,49.93,20.02,-2.18%,1.32%,69.60%,53.95%,403.97%,268.16%,43.65,,30.64,8.91,47.23,64.66666666666667,True
215,MTRN,Materion Corporation,Basic Materials,Other Industrial Metals & Mining,1913.41,94.0,13.0,75,1.19,93.12,102.5,10.07,0.65%,29.79%,30.52%,22.13%,52.02%,46.12%,83.98,,73.3,57.25,95.6,60.666666666666664,True
216,MTSI,"MACOM Technology Solutions Holdings, Inc.",Technology,Semiconductors,5228.43,76.5,20.0,85,1.4,77.58,83.79,8.0,3.91%,18.51%,35.14%,46.22%,84.42%,40.03%,71.81,,61.94,41.02,77.84,60.5,True
218,MYRG,MYR Group Inc.,Industrials,Engineering & Construction,1920.32,76.5,18.0,93,1.76,113.53,117.0,3.06,4.08%,13.41%,20.87%,46.66%,140.24%,94.59%,109.63,,87.8,48.0,116.95,62.5,True
219,NDAQ,"Nasdaq, Inc.",Financial,Financial Data & Stock Exchanges,35068.32,71.5,20.0,81,1.29,209.94,215.46,2.63,0.55%,4.17%,13.42%,31.71%,68.86%,59.69%,207.73,,175.17,122.86,214.96,57.5,True
221,NMRK,"Newmark Group, Inc.",Real Estate,Real Estate Services,3427.95,81.5,17.0,95,2.03,16.76,18.0,7.4,3.50%,13.25%,33.33%,31.67%,155.93%,131.00%,15.65,,12.43,6.1,17.14,64.5,True
222,NOTV,"Inotiv, Inc.",Healthcare,Diagnostics & Research,806.77,106.5,23.0,100,6.74,53.1,64.5,21.47,4.37%,60.21%,86.93%,103.41%,826.14%,346.50%,48.87,,27.66,5.93,57.07,76.5,True
223,NPO,"EnPro Industries, Inc.",Industrials,Specialty Industrial Machinery,2272.25,99.0,18.0,76,1.21,108.9,123.33,13.25,3.12%,27.27%,30.44%,20.84%,54.65%,45.99%,98.01,,89.08,67.32,112.41,64.33333333333333,True
224,NPTN,NeoPhotonics Corporation,Technology,Semiconductors,828.97,76.5,13.0,87,1.44,15.22,15.6,2.5,-1.28%,64.78%,90.38%,56.75%,98.71%,69.86%,12.87,,10.42,7.82,16.14,58.833333333333336,True
225,NSA,National Storage Affiliates Trust,Real Estate,REIT - Industrial,5496.86,76.5,41.0,83,1.33,61.7,64.27,4.17,-1.27%,3.18%,11.25%,37.89%,67.46%,70.39%,61.89,,49.75,33.01,64.98,66.83333333333333,True
226,NSSC,"Napco Security Technologies, Inc.",Industrials,Security & Protection Services,901.04,89.0,34.0,81,1.29,48.42,54.4,12.35,7.67%,9.46%,41.90%,43.66%,70.17%,85.35%,46.85,,36.91,25.27,52.0,68.0,True
230,NVT,nVent Electric plc,Industrials,Electrical Equipment & Parts,6309.86,79.0,13.0,83,1.33,37.76,42.5,12.55,2.97%,16.36%,14.49%,20.32%,75.67%,62.17%,35.81,,31.13,21.25,38.37,58.333333333333336,True
232,NXST,"Nexstar Media Group, Inc.",Communication Services,Broadcasting,6962.9,91.5,21.0,78,1.24,167.8,187.67,11.84,-0.71%,13.97%,15.87%,14.04%,61.05%,54.25%,160.51,,148.16,97.37,171.16,63.5,True
233,OAS,Oasis Petroleum Inc.,Energy,Oil & Gas E&P,2594.67,81.5,13.0,100,814.3,127.91,146.86,14.82,3.75%,20.22%,57.16%,72.81%,,266.05%,122.28,,85.9,0.12,132.98,64.83333333333333,True
234,OLN,Olin Corporation,Basic Materials,Specialty Chemicals,9778.27,86.5,16.0,96,2.25,62.44,72.69,16.42,2.54%,23.64%,39.51%,39.70%,197.14%,158.06%,59.65,,44.93,20.89,64.76,66.16666666666667,True
237,ONEW,OneWater Marine Inc.,Consumer Cyclical,Recreational Vehicles,775.11,91.5,20.0,92,1.7,50.7,54.33,7.16,3.10%,20.23%,27.72%,9.48%,129.83%,83.85%,47.27,,43.12,22.37,56.78,67.83333333333333,True
238,ONTO,Onto Innovation Inc.,Technology,Semiconductors,4420.96,86.5,40.0,91,1.66,90.46,105.0,16.07,1.28%,24.91%,35.95%,49.01%,113.86%,91.50%,83.46,,70.23,40.47,94.96,72.5,True
240,OPCH,"Option Care Health, Inc.",Healthcare,Medical Care Facilities,4761.37,91.5,56.0,81,1.3,26.51,32.0,20.71,-2.60%,11.89%,23.96%,50.59%,72.54%,70.33%,27.05,,21.65,14.31,28.29,76.16666666666667,True
241,ORMP,Oramed Pharmaceuticals Inc.,Healthcare,Biotechnology,877.18,94.0,18.0,100,8.07,27.25,28.0,2.75,-5.27%,23.13%,78.35%,148.25%,964.62%,552.83%,25.96,,15.08,2.49,31.54,70.66666666666667,True
242,OSTK,"Overstock.com, Inc.",Consumer Cyclical,Internet Retail,4450.05,89.0,18.0,84,1.37,104.45,131.17,25.58,6.20%,35.07%,57.16%,44.07%,106.96%,125.77%,96.4,,79.98,46.75,112.3,63.666666666666664,True
243,OTTR,Otter Tail Corporation,Utilities,Utilities - Diversified,2751.37,89.0,18.0,80,1.28,67.43,68.33,1.33,0.39%,14.03%,24.81%,40.61%,58.46%,55.86%,63.9,,50.96,39.35,67.63,62.333333333333336,True
244,PANW,"Palo Alto Networks, Inc.",Technology,Software - Infrastructure,50744.28,86.5,18.0,84,1.37,513.76,551.17,7.28,2.50%,1.94%,44.92%,56.49%,88.56%,47.76%,505.45,,401.25,281.0,531.47,62.833333333333336,True
246,PDCE,"PDC Energy, Inc.",Energy,Oil & Gas E&P,5667.47,86.5,33.0,97,2.52,55.4,66.38,19.82,-0.89%,14.07%,54.73%,40.85%,261.87%,181.49%,54.78,,41.61,15.75,59.0,72.16666666666667,True
247,PDFS,"PDF Solutions, Inc.",Technology,Software - Application,1235.9,81.5,17.0,76,1.21,33.2,34.25,3.16,31.63%,44.88%,53.94%,92.53%,57.81%,53.94%,26.53,,20.18,16.44,33.78,58.166666666666664,True
249,PGC,Peapack-Gladstone Financial Corporation,Financial,Banks - Regional,667.12,81.5,20.0,79,1.27,34.99,39.0,11.46,-0.45%,4.75%,8.26%,8.66%,66.56%,54.92%,34.51,,31.87,20.29,36.39,60.166666666666664,True
250,PGNY,"Progyny, Inc.",Healthcare,Health Information Services,5838.36,96.5,15.0,90,1.63,62.45,71.33,14.22,-0.86%,13.03%,44.62%,16.15%,116.88%,51.85%,62.2,,54.81,28.35,68.32,67.16666666666667,True
253,PLCE,"The Children's Place, Inc.",Consumer Cyclical,Apparel Retail,1511.99,81.5,14.0,94,1.98,104.55,119.6,14.4,9.34%,31.45%,15.55%,22.67%,213.30%,116.81%,93.44,,84.82,38.06,110.24,63.166666666666664,True
254,PNC,"The PNC Financial Services Group, Inc.",Financial,Banks - Regional,87714.04,74.0,15.0,75,1.19,202.46,212.52,4.97,-0.73%,2.34%,10.76%,6.55%,62.74%,37.94%,209.47,,188.13,126.25,217.6,54.666666666666664,True
256,PRFT,"Perficient, Inc.",Technology,Information Technology Services,4744.54,91.5,23.0,97,2.37,144.39,149.83,3.77,-3.14%,8.08%,38.28%,103.28%,206.77%,201.36%,134.58,,88.88,43.51,153.28,70.5,True
257,PVH,PVH Corp.,Consumer Cyclical,Apparel Manufacturing,8871.02,71.5,13.0,75,1.19,122.64,129.89,5.91,0.37%,12.57%,16.14%,9.41%,63.22%,31.28%,116.94,,107.8,75.1,125.42,53.166666666666664,True
258,PWR,"Quanta Services, Inc.",Industrials,Engineering & Construction,16962.8,86.5,16.0,83,1.33,118.5,133.75,12.87,1.08%,6.05%,24.16%,30.92%,72.30%,65.91%,118.38,,97.45,66.63,124.69,61.833333333333336,True
259,PXD,Pioneer Natural Resources Company,Energy,Oil & Gas E&P,44634.3,84.0,27.0,86,1.43,180.25,222.39,23.38,-2.28%,-3.61%,28.61%,19.58%,93.30%,60.74%,186.96,,159.11,93.0,196.64,65.66666666666667,True
260,QCRH,"QCR Holdings, Inc.",Financial,Banks - Regional,925.31,86.5,21.0,76,1.2,58.0,66.75,15.09,1.90%,11.64%,20.20%,25.01%,52.04%,47.74%,56.37,,48.8,34.58,61.19,61.166666666666664,True
262,RDNT,"RadNet, Inc.",Healthcare,Diagnostics & Research,1656.26,89.0,15.0,77,1.22,29.92,43.67,45.96,-2.89%,6.38%,-1.44%,21.74%,61.57%,57.69%,31.59,,27.73,17.27,38.84,60.333333333333336,True
263,RF,Regions Financial Corporation,Financial,Banks - Regional,23281.21,71.5,20.0,75,1.19,24.03,25.84,7.53,-0.37%,7.44%,22.41%,6.97%,55.35%,50.43%,24.07,,21.16,14.98,24.78,55.5,True
264,RJF,"Raymond James Financial, Inc.",Financial,Capital Markets,20649.9,86.5,18.0,79,1.27,98.54,118.62,20.38,-0.32%,-0.79%,10.69%,12.88%,70.28%,56.13%,100.39,,88.24,58.13,103.46,61.166666666666664,True
265,RMBS,Rambus Inc.,Technology,Semiconductors,2693.0,74.0,15.0,78,1.25,25.68,28.83,12.27,1.42%,9.09%,4.73%,29.92%,52.73%,39.52%,23.76,,21.78,15.27,25.81,55.666666666666664,True
268,ROG,Rogers Corporation,Technology,Electronic Components,5055.15,96.5,15.0,86,1.42,270.06,277.6,2.79,0.18%,43.75%,36.23%,50.93%,85.89%,73.89%,240.6,,196.27,141.46,273.0,65.83333333333333,True
269,RPD,"Rapid7, Inc.",Technology,Software - Application,7519.96,84.0,14.0,86,1.41,132.4,145.13,9.61,-3.70%,7.40%,21.53%,69.01%,90.54%,47.94%,130.92,,99.75,68.42,145.0,61.333333333333336,True
271,RRR,"Red Rock Resorts, Inc.",Consumer Cyclical,Resorts & Casinos,5984.64,71.5,16.0,93,1.82,52.49,59.67,13.68,6.04%,-9.53%,29.55%,29.45%,146.79%,107.47%,52.89,,41.69,21.05,58.74,60.166666666666664,True
272,RVI,Retail Value Inc.,Real Estate,REIT - Retail,129.4,81.5,26.0,91,1.66,6.0,28.0,366.67,-3.38%,17.43%,24.83%,75.75%,133.45%,114.40%,5.79,,4.22,2.49,6.84,66.16666666666667,True
274,RWT,"Redwood Trust, Inc.",Real Estate,REIT - Mortgage,1546.59,91.5,50.0,75,1.19,14.01,15.41,9.99,-1.15%,-1.58%,12.39%,26.50%,49.56%,56.04%,13.8,,11.72,8.38,14.17,72.16666666666667,True
275,SCHN,"Schnitzer Steel Industries, Inc.",Basic Materials,Steel,1487.76,74.0,19.0,92,1.7,53.12,70.0,31.78,0.00%,5.25%,6.16%,2.67%,124.32%,72.30%,54.13,,47.48,23.36,59.34,61.666666666666664,True
276,SCHW,The Charles Schwab Corporation,Financial,Capital Markets,153332.39,79.0,16.0,82,1.32,81.42,91.54,12.43,1.28%,1.56%,13.63%,14.89%,74.47%,54.24%,81.92,,71.02,46.25,84.49,59.0,True
277,SEAS,"SeaWorld Entertainment, Inc.",Consumer Cyclical,Leisure,5072.33,71.5,26.0,93,1.82,63.35,68.91,8.78,-5.15%,5.44%,30.55%,20.21%,137.51%,99.24%,64.87,,52.16,26.18,70.48,63.5,True
278,SGH,"SMART Global Holdings, Inc.",Technology,Semiconductors,1448.61,89.0,52.0,88,1.49,58.18,72.0,23.75,0.56%,16.81%,40.86%,34.13%,95.28%,58.22%,55.66,,48.32,29.05,60.75,76.33333333333333,True
282,SIVB,SVB Financial Group,Financial,Banks - Regional,44177.21,74.0,21.0,90,1.61,745.26,808.33,8.46,0.56%,8.41%,35.65%,34.06%,112.81%,94.58%,738.8,,582.09,337.83,763.22,61.666666666666664,True
283,SKIN,The Beauty Health Company,Consumer Defensive,Household & Personal Products,3468.88,89.0,52.0,94,1.97,28.0,32.0,14.29,-2.27%,3.97%,26.50%,109.73%,,147.75%,27.55,,18.07,9.71,30.17,78.33333333333333,True
284,SLB,Schlumberger Limited,Energy,Oil & Gas Equipment & Services,46160.79,84.0,20.0,76,1.2,32.06,39.66,23.71,-3.66%,-3.72%,22.68%,2.78%,64.12%,50.66%,33.27,,29.83,19.55,36.87,60.0,True
285,SMPL,The Simply Good Foods Company,Consumer Defensive,Packaged Foods,3849.91,76.5,45.0,79,1.27,39.62,41.73,5.33,0.17%,14.87%,17.13%,17.71%,64.98%,29.05%,39.42,,34.59,21.21,41.35,66.83333333333333,True
287,SNV,Synovus Financial Corp.,Financial,Banks - Regional,7195.23,81.5,20.0,76,1.21,48.96,55.75,13.87,0.20%,6.47%,15.85%,3.20%,59.50%,52.46%,48.75,,45.11,29.98,50.51,59.166666666666664,True
289,SPT,"Sprout Social, Inc.",Technology,Software - Application,6894.11,91.5,14.0,96,2.25,131.17,156.8,19.54,-6.60%,1.84%,28.93%,130.90%,182.25%,192.07%,127.85,,90.52,41.23,145.42,67.16666666666667,True
290,SSTK,"Shutterstock, Inc.",Communication Services,Internet Content & Information,4412.55,89.0,19.0,84,1.36,123.26,134.75,9.32,1.96%,-0.92%,23.76%,45.49%,81.22%,74.14%,121.45,,100.68,62.21,128.36,64.0,True
291,STC,Stewart Information Services Corporation,Financial,Insurance - Property & Casualty,2059.11,81.5,20.0,82,1.31,76.68,88.0,14.76,2.10%,11.25%,31.27%,28.20%,74.78%,60.07%,73.65,,59.54,41.84,80.14,61.166666666666664,True
293,STLD,"Steel Dynamics, Inc.",Basic Materials,Steel,12988.34,76.5,26.0,83,1.34,62.96,80.95,28.57,-0.56%,4.71%,-5.60%,5.06%,77.08%,77.27%,65.02,,58.34,33.77,74.37,61.833333333333336,True
295,STXB,"Spirit of Texas Bancshares, Inc.",Financial,Banks - Regional,442.74,89.0,26.0,76,1.21,25.35,28.83,13.73,-1.09%,6.09%,13.58%,10.90%,58.44%,51.37%,25.09,,23.08,15.29,26.64,63.666666666666664,True
299,TA,TravelCenters of America Inc.,Consumer Cyclical,Specialty Retail,859.65,96.5,14.0,83,1.34,55.89,61.55,10.13,-3.85%,6.80%,64.15%,122.95%,86.45%,80.61%,56.82,,35.69,22.0,64.58,64.5,True
300,TBBK,"The Bancorp, Inc.",Financial,Banks - Regional,1825.75,94.0,15.0,95,2.01,30.07,36.0,19.72,-2.56%,6.41%,29.93%,34.76%,163.66%,131.21%,31.58,,24.31,11.01,33.36,68.0,True
302,TEAM,Atlassian Corporation Plc,Technology,Software - Application,111322.97,81.5,14.0,92,1.69,440.24,464.89,5.6,-0.12%,7.04%,31.45%,105.37%,134.33%,89.83%,437.16,,297.81,193.34,483.13,62.5,True
304,TGH,Textainer Group Holdings Limited,Industrials,Rental & Leasing Services,1907.97,81.5,23.0,89,1.53,37.16,50.0,34.55,-5.19%,-0.66%,12.25%,37.10%,114.11%,95.36%,38.6,,31.14,17.37,41.24,64.5,True
306,THC,Tenet Healthcare Corporation,Healthcare,Medical Care Facilities,8560.58,79.0,16.0,94,1.89,78.78,87.94,11.63,0.21%,26.57%,14.23%,29.24%,150.71%,99.60%,74.33,,64.38,30.58,83.69,63.0,True
307,THRY,"Thryv Holdings, Inc.",Communication Services,Internet Content & Information,1218.05,91.5,20.0,98,2.92,37.0,47.0,27.03,9.38%,19.72%,8.97%,41.61%,253.19%,162.67%,32.34,,28.42,8.87,38.61,69.83333333333333,True
308,TITN,Titan Machinery Inc.,Industrials,Industrial Distribution,764.2,101.5,21.0,85,1.39,33.48,37.33,11.5,9.39%,26.91%,21.80%,39.33%,100.17%,76.32%,30.4,,27.69,17.92,35.24,69.16666666666667,True
309,TLYS,"Tilly's, Inc.",Consumer Cyclical,Apparel Retail,516.35,81.5,15.0,89,1.53,16.41,22.0,34.06,3.90%,19.36%,13.62%,41.07%,125.03%,118.69%,15.08,,13.77,7.7,16.93,61.833333333333336,True
310,TMST,TimkenSteel Corporation,Basic Materials,Steel,692.09,74.0,19.0,97,2.56,15.12,18.15,20.04,-5.10%,13.66%,1.02%,3.98%,225.11%,218.84%,14.41,,12.71,4.26,17.35,63.333333333333336,True
312,TRGP,Targa Resources Corp.,Energy,Oil & Gas Midstream,12757.94,84.0,16.0,93,1.8,54.62,63.32,15.93,-4.47%,-2.98%,28.78%,43.44%,153.38%,107.28%,55.63,,41.84,21.96,58.18,64.33333333333333,True
314,TSC,"TriState Capital Holdings, Inc.",Financial,Banks - Regional,1007.47,76.5,22.0,87,1.46,29.88,30.5,2.07,-0.20%,37.84%,48.92%,37.96%,87.11%,73.56%,30.38,,22.88,14.75,31.24,61.833333333333336,True
318,TW,Tradeweb Markets Inc.,Financial,Capital Markets,22444.5,71.5,13.0,79,1.27,97.99,99.09,1.12,1.93%,17.07%,14.40%,22.18%,61.19%,55.95%,91.88,,82.23,56.65,98.11,54.5,True
319,TXT,Textron Inc.,Industrials,Aerospace & Defense,16658.33,79.0,17.0,79,1.27,75.42,86.0,14.03,-0.92%,3.44%,6.03%,13.88%,65.49%,56.69%,75.18,,65.58,44.34,78.13,58.333333333333336,True
321,UEC,Uranium Energy Corp.,Energy,Uranium,1268.46,94.0,33.0,99,3.78,4.75,6.3,32.63,-7.58%,39.83%,140.39%,57.93%,383.17%,177.27%,4.5,,2.9,0.93,5.79,75.33333333333333,True
322,UFPI,"UFP Industries, Inc.",Basic Materials,Lumber & Wood Production,5543.68,81.5,14.0,79,1.27,90.37,93.83,3.83,1.46%,19.24%,22.35%,12.71%,67.40%,61.40%,85.42,,74.55,52.11,90.45,58.166666666666664,True
323,UHAL,AMERCO,Industrials,Rental & Leasing Services,14845.81,81.5,18.0,86,1.41,748.0,875.0,16.98,0.56%,1.99%,15.81%,32.38%,84.15%,65.48%,740.4,,618.52,397.44,769.9,61.833333333333336,True
324,UNVR,Univar Solutions Inc.,Basic Materials,Chemicals,4886.71,74.0,25.0,80,1.28,29.09,32.1,10.35,2.21%,13.03%,26.90%,8.53%,59.73%,53.34%,27.58,,24.03,17.21,29.77,59.666666666666664,True
325,URI,"United Rentals, Inc.",Industrials,Rental & Leasing Services,27594.74,74.0,42.0,83,1.34,379.73,391.47,3.09,-2.51%,8.96%,12.20%,18.77%,75.21%,64.58%,377.75,,329.95,209.16,414.99,66.33333333333333,True
327,VBTX,"Veritex Holdings, Inc.",Financial,Banks - Regional,2151.22,91.5,13.0,86,1.42,41.51,46.5,12.02,-0.14%,7.49%,25.75%,22.13%,85.20%,67.30%,41.97,,35.14,21.44,45.36,63.5,True
329,VICR,Vicor Corporation,Technology,Electronic Components,7090.98,76.5,19.0,89,1.55,162.93,176.67,8.43,2.56%,8.46%,36.03%,98.47%,103.36%,75.35%,154.2,,109.96,74.08,164.76,61.5,True
332,VRTS,"Virtus Investment Partners, Inc.",Financial,Asset Management,2419.28,81.5,15.0,84,1.37,322.54,396.0,22.78,3.01%,2.76%,7.16%,20.87%,75.04%,50.66%,324.09,,283.68,174.17,338.8,60.166666666666664,True
333,VRTV,Veritiv Corporation,Industrials,Business Equipment & Supplies,2202.09,106.5,25.0,100,6.16,146.16,160.0,9.47,-3.13%,50.76%,89.23%,218.17%,624.24%,620.06%,130.56,,67.13,16.8,158.99,77.16666666666667,True
334,VSTO,Vista Outdoor Inc.,Consumer Cyclical,Leisure,2705.96,89.0,14.0,92,1.73,47.33,62.33,31.69,8.76%,15.52%,20.55%,29.73%,133.83%,104.21%,44.2,,38.74,18.75,48.75,65.0,True
335,VVI,Viad Corp,Industrials,Specialty Business Services,990.71,81.5,16.0,77,1.23,47.71,59.33,24.36,-3.79%,2.00%,16.00%,16.03%,66.37%,32.51%,47.17,,44.34,28.27,52.73,58.166666666666664,True
336,VVV,Valvoline Inc.,Energy,Oil & Gas Refining & Marketing,6458.68,84.0,13.0,79,1.27,36.89,41.88,13.53,2.47%,1.83%,18.17%,12.54%,60.47%,54.02%,34.87,,30.49,21.75,37.41,58.666666666666664,True
337,WCC,"WESCO International, Inc.",Industrials,Industrial Distribution,6801.31,81.5,19.0,91,1.66,136.16,153.82,12.97,1.86%,8.43%,24.00%,30.72%,119.12%,74.01%,132.49,,104.92,61.05,140.92,63.833333333333336,True
338,WFC,Wells Fargo & Company,Financial,Banks - Diversified,199378.56,76.5,28.0,87,1.46,49.84,52.0,4.33,0.96%,1.90%,5.00%,9.10%,102.29%,66.90%,50.74,,44.58,24.97,52.57,63.833333333333336,True
340,WH,"Wyndham Hotels & Resorts, Inc.",Consumer Cyclical,Lodging,7894.16,96.5,21.0,75,1.19,86.3,94.56,9.57,-1.40%,3.21%,25.60%,14.36%,53.99%,44.04%,84.43,,73.27,53.58,89.48,64.16666666666667,True
341,WIRE,Encore Wire Corporation,Industrials,Electrical Equipment & Parts,2909.12,94.0,16.0,95,2.13,146.63,160.0,9.12,1.57%,28.42%,70.48%,79.39%,167.44%,138.12%,133.94,,84.3,51.32,146.99,68.33333333333333,True
342,WMS,"Advanced Drainage Systems, Inc.",Industrials,Building Products & Equipment,9320.43,76.5,32.0,88,1.47,127.78,140.5,9.95,-1.55%,16.70%,14.80%,23.34%,103.68%,56.16%,119.7,,111.6,64.19,133.13,65.5,True
343,WOW,"WideOpenWest, Inc.",Communication Services,Entertainment,1635.51,74.0,40.0,95,2.14,20.06,24.4,21.64,0.62%,-1.83%,-3.11%,20.89%,169.97%,81.16%,19.9,,17.83,7.02,23.92,69.66666666666667,True
344,WSC,WillScot Mobile Mini Holdings Corp.,Industrials,Rental & Leasing Services,8626.26,91.5,14.0,85,1.39,39.14,43.42,10.94,4.90%,19.78%,43.57%,38.64%,82.91%,69.10%,35.96,,29.37,20.9,39.75,63.5,True
345,WTFC,Wintrust Financial Corporation,Financial,Banks - Regional,5361.14,89.0,14.0,81,1.29,92.85,101.75,9.59,1.17%,10.85%,27.99%,21.29%,68.73%,52.46%,91.87,,77.96,53.92,94.92,61.333333333333336,True
347,YETI,"YETI Holdings, Inc.",Consumer Cyclical,Leisure,8993.74,84.0,13.0,81,1.3,102.7,112.35,9.4,-1.67%,17.79%,7.99%,23.58%,82.07%,52.42%,99.97,,88.29,57.74,108.82,59.333333333333336,True
348,ZBRA,Zebra Technologies Corporation,Technology,Communication Equipment,31962.15,76.5,19.0,81,1.29,605.83,624.5,3.08,1.56%,14.82%,8.58%,24.81%,74.87%,57.42%,568.38,,519.68,333.06,614.1,58.833333333333336,True
